id,llm_sound,llm_answerable
0203b828-6d87-4401-a595-2641e724a84a,False,False
023d8cff-cf4b-4485-82d6-0e3383c0a232,True,True
03fc9796-972f-4ae6-8ebd-f86fcd7fed1f,False,False
045f9534-2b60-4d2a-8eab-679494476682,False,False
04f63c22-157d-4d25-bdae-2ffc1b0b57c2,False,False
05fd397f-6c46-4056-9871-f30f2d4efca0,False,False
08a6aa09-52ff-43c3-9b83-b3753ac803b5,True,True
0aef8d53-0899-41e8-9398-a43e999e6e08,True,True
0c6a4e54-9b06-4f12-b10e-0a0718c4a0d1,False,False
0ca248ee-2699-4002-9085-c040ecbdeb8b,True,True
0d2e3f63-564b-4eb7-9792-33d692c71b8d,False,False
0e746940-694c-468a-8051-b85079b820f5,False,False
0ea051c6-7db4-4c43-b484-56079c7175e4,False,False
0efe8fdf-6c20-48b5-9ff3-2529ae87d2f9,False,False
10490e24-5eaa-4264-b53d-a58e8eedaa5f,False,False
105706eb-7c92-40cc-bf8b-70617a8a703b,False,False
10c6d10b-6cf9-4e70-9c78-bcfc14b99161,False,False
12b85284-0226-49be-a7ed-6f8012c1b072,False,False
1332ada1-35f2-4605-9613-489d21690563,False,False
1396001d-1606-4185-9338-20aea9759565,False,False
15195d5c-2155-4fce-bf10-d0be3cb71983,False,False
1730c147-1806-4631-b6a8-18b916e82939,False,False
1759b7f4-7d65-41fc-8bba-a181a952c2f0,False,False
17a709d8-5c6d-417b-b116-ebab59d3d0b3,False,False
17c85ecf-8a6a-4ebe-90e0-bd1cb7ff3484,False,False
180fe749-7961-4d57-b0ad-108a3bab50ae,False,False
18111b17-10e3-445d-9e5a-b8ed5100c223,False,False
1926e768-1dfb-4f02-9bf6-764adaad8950,False,False
1a93d1b1-43e5-4e0f-9c9e-45f7b054874d,False,False
1b6e1870-2936-48c7-bd50-bc9b7f202608,False,False
1bd79326-19ac-41f3-a7a1-3486d0dd734f,False,False
1c2d6992-d17e-4a19-a791-1b964a7084a5,False,False
1d10e003-de40-41cf-bed2-a0bcaa5fac1a,False,False
1e041e32-9ffd-46b4-9806-3847d5b95ec9,False,False
1ea52dac-423b-484a-b1b3-0d1617b05f97,True,True
1ec8354c-2b45-485e-b21c-5af6279eb433,False,False
1ecbcb6f-d705-49d8-b22b-df2cd6034036,False,False
1ee6fb74-c5c4-4509-b652-fe9967e9ac39,True,True
1effb4c6-5a9a-4c3e-a52c-b3fa98b62308,False,False
1f1617c0-f276-4675-a537-b8ec99f13aff,False,False
1f58fc36-57f3-4164-929a-058e3bd97a8f,False,False
2034031b-c816-400f-bc77-9e7cfbb73c19,True,True
2236cf1a-77ff-4ad1-9772-60404866563c,False,False
232992ec-57ea-4a73-a2e5-2f034457734f,False,False
24baad6d-88ad-42f1-9201-9e05ca1a5e59,False,False
24e6e46a-91bb-4c8d-9047-170fe6250e05,True,True
25d7fe2d-3344-464a-a058-fec949a7d49a,False,False
274f448e-ca3d-464d-99bf-ac037040f0c8,True,True
29b10a13-aa1e-4d5a-80da-981e02822581,False,False
29b67df8-c8e0-4768-86db-8abe0ef6824a,False,False
29c7995a-3c3f-4d9c-8d26-8234c06086b8,False,False
29ebc84c-b9ad-4f7c-b586-fb4559d3cd3f,True,True
2acc0057-bcb5-4381-b4c5-9d7fb32a1814,False,False
2c3683bb-f40b-40e9-b1bc-88c7735a7365,False,False
2cbcf950-fcda-4089-972c-a8d7090fb8ec,True,True
2d48cae1-1034-49c4-ac7f-c149443edd6d,False,False
2e0313aa-ae3e-4733-bd39-dfbc797574fe,True,True
2e1b983b-196f-4df6-b200-caec5eb1f20d,False,False
2e68a778-d1ca-4b97-95d4-3eff0a883076,False,False
2e797f75-1b22-4e57-8f5c-3fa2a8fa9370,False,False
2ef93653-ee52-4293-9442-6a9aacc99a3a,False,False
2fe18524-63e2-4dae-9057-b495ce0a70c3,True,True
301038fb-e740-477c-b496-05ec411ab0a1,False,False
304a8fcb-e37f-4766-8ddb-d0ef8f9a20a8,True,True
32686660-bd52-4bdf-94b7-9e68adf4cdd3,True,True
351fd3dd-58da-40d7-a214-6025684ff8e2,False,False
3596819f-e711-4fd8-9a95-3dfe3b5887a4,False,False
36d41b07-8c5a-4823-85f3-f3b9bc433ee1,False,False
36d54047-941b-45d7-8218-d3550112276c,False,False
391aceb0-97a8-4c1e-87c8-db16a278691b,True,True
395c316f-dbf2-406b-8705-0288aebfb39c,False,False
3a80b273-d000-4ddd-a53e-e7c8841486b5,True,True
3ad94f2d-2b60-4fac-9c8e-fe4ace77fe1d,False,False
3b066899-f07f-49f5-aaf6-285a5f1ab55e,True,True
3bec1100-b202-43d3-9089-93db6dc7c9f1,True,True
3d9501d5-d317-474b-915f-21067e4c344d,False,False
3e95b7f8-e668-4695-9021-0a286d1662e2,False,False
3f4a161c-f204-4e77-b2e9-4563ca53c696,False,False
3f8df8a1-2624-4149-996f-8b25e655a6b6,False,False
3fb8347f-b387-471a-9f09-6f668ab8b23d,True,True
425bfa6b-b71d-466e-b1ac-fdd332a01f58,False,False
43379943-b871-4747-965f-9d9a7983f831,True,True
44f748c7-5f7b-4557-8ec8-481a36f6830e,False,False
45538594-96b4-4c11-bfb3-65f6818b59eb,True,True
456b9393-4dbc-4767-a305-8d6b72868b2f,False,False
4591dbf7-df2c-4d7f-8adf-602bfa5ed472,False,False
45aacccb-684e-46a7-83d1-985dad5ae90e,True,True
45ab2412-6362-49d8-b7dd-dbf406231dd0,True,True
45b320ec-479c-42f6-a892-e2df3f247359,False,False
46e28a7f-b3f9-43de-a2cf-ccf3db103707,False,False
4a166dc8-7ca3-45cb-bf6d-cda4b6d27612,False,False
4bc59e07-27fc-4352-80dc-7c0b3336b0e8,False,False
4c0fc21a-c4c9-4ec8-b217-98b5f007ad41,False,False
4d3842e8-ce99-40cd-b94c-5bf45756b99e,False,False
4dc21adc-9e4e-479c-95be-fe006709fca3,False,False
4fb049af-6dc2-460d-83ab-9a86f15d6068,False,False
53081504-2ada-4615-a714-68d94f0890c5,False,False
536b6cc0-42ea-43b2-abe3-5399d150627e,False,False
54b18f77-f1b1-46b9-84e5-691eb6138577,False,False
57aec219-f16a-41c4-b099-5e196c96d78e,False,False
57c35284-4271-4a28-ba94-8ef8ce2dae1f,True,True
5adb6108-ec87-4402-92c3-7ad6b407a689,True,True
5bb639e1-e5b6-4762-88b3-0436ccd5da17,False,False
5c17c0db-c0ec-4c3e-900e-211acdd097b2,False,False
5c54792f-89f0-40ac-81c0-b34dd9f7c168,False,False
5cb5adf1-ac54-4390-9768-40ee00845635,False,False
6022af1f-be7a-4b78-8cda-43e0bac536e5,True,True
60c66343-fee2-45fa-91a5-0270ee9d94ff,False,False
61ff3b46-cce3-4968-90a2-1709ecd1448d,False,False
62b4bca1-4dc8-40e3-8da9-416ca37b58bd,False,False
62bf6891-c5d5-40f1-8c90-80bb832e0319,False,False
63826197-0786-43c2-9c7e-5c4c471dc731,False,False
639b909f-3e90-41b1-b076-12857dd882d0,True,True
65db367a-efe7-427c-8dd1-1d48452d9333,False,False
65f2cfc9-f124-4749-bdda-8a6df7e27c3d,False,False
66b55f61-24d1-4a1b-85f0-262bdf4cdd78,True,True
682649af-9388-4a10-a48b-8b931e23c7ac,True,True
691b3111-bac1-421e-943b-9f9b1c39dab2,True,True
694066d7-6878-44c5-9d81-321dbfeb78cc,True,True
696c710f-3003-4259-b1c6-4dc3757078f2,False,False
6a19f521-ece4-41ac-a722-6d60bf2ceccd,True,True
6d037e82-e2e8-47f9-ae49-dcfb815adc4f,False,False
6d8f6b82-198f-4b85-9f87-bbf460dd0dbb,False,False
6eacf931-2cad-482d-97d9-354bdec07e81,False,False
6f28b920-aa0e-4c81-a6f9-7f471fb0d692,True,True
6f7ab13f-2f64-4cbb-85bb-537f87f5f967,False,False
6fe50f99-6987-48cf-9f4e-862652ba56db,False,False
72268d95-f1c4-4f4f-b39d-21406d609421,False,False
7271c15a-4fb2-4c60-826b-55f3de32bf4b,True,True
73459d57-9156-49f8-8a57-f8b70eaec495,False,False
73dee5fd-6dc0-4690-92e2-0d6311f647d3,False,False
7597a041-d850-42ea-9dcf-1025ba29f163,False,False
76d269af-e6a2-451f-96b7-dbba3ea64ca2,False,False
7784b070-5433-4ce4-8684-a62e3babe2da,False,False
782e618e-e369-4e1d-962d-ee4e8f8bc595,False,False
78415d26-6b58-418f-abe3-b6921dd50831,False,False
78f88014-271b-4572-a9f9-e0831d5c0b9c,False,False
7afa64b5-16e8-40b7-9dff-7d9098570461,False,False
7be13155-394b-4742-9bd9-ae924c3a8a59,False,False
7c35dd02-aba3-4f1c-b36e-6a7644c70a1c,False,False
7cb3b72d-4afc-4935-bc6d-9465a112d273,False,False
7ce09486-c18f-4ba7-a318-22d3307df61d,False,False
7d54039d-25de-413b-b125-f98d4678d912,False,False
7eff3ed1-4d51-4709-a5a4-17d9ff0c0db0,True,True
7f878470-8aee-4db2-b8ef-258089f7d341,False,False
802e2186-1d1d-4c01-a1ed-77f3b3edfbf0,False,False
825e4be0-04bd-42cc-933c-c29561e96f1c,False,False
82913bd6-6299-4d62-8063-36ce46af373d,True,True
82adaa45-683a-41f1-acfc-fb8335651e7c,False,False
82cac788-eda8-4954-84fe-8e17ea6fcfac,False,False
82e62679-6ef7-400e-afca-46d56dc5e375,False,False
830b248a-d95b-45af-9257-6eae0efccd72,True,True
838debb7-2104-4a77-b483-ddce485a80e0,False,False
84c43086-9b09-4869-9ff6-c0f1aa5caaa9,False,False
8656397f-6dcc-4c6b-abbb-b6bc4c442388,False,False
86cea17b-6b3f-4cc8-9278-4f2632f7678c,False,False
871df950-34b1-439c-b451-9a627e646c55,False,False
89023e7a-dfc2-4fe3-8158-f781851d11a1,False,False
8980a262-df85-4c2a-a508-c8975cb3dcdf,False,False
89e055cd-ab72-4364-9b6e-34d846662db1,False,False
8b73ba49-78a9-41c2-a1b7-658a7fb02c52,True,True
8bdee4be-3081-4d8f-9650-940c39ca613f,True,True
8c782a37-597a-4cc2-86f8-496a55e7a3ff,True,True
8e64e53c-fbc8-4de4-b12d-843986b58265,True,True
8ed03fe7-2d0b-47e7-a762-46897bfae3dd,False,False
8f254bbd-19c7-49b9-b37a-3bd5aac3c71d,False,False
8ffa5607-ce85-44dd-92b8-02547af332a5,False,False
905fe1ae-0450-4de6-a96d-357ee253b944,False,False
9107220a-1945-4d98-9b90-84f04cb1532f,False,False
9281a28a-0706-41b6-bae8-76ef0980dc6f,False,False
92e7f4ec-b00a-4917-82cc-617e5d438c78,True,True
9357bb95-0fcb-455b-bfcf-63a41bba11f3,False,False
93638f2d-6b25-4fe9-8cd1-39fe7f952d3c,True,True
9402476c-5eab-4307-b55e-2110c833978f,False,False
94106eb8-f6a9-43f8-85db-ecdb67031a9f,False,False
9661ebe8-88d3-4312-b820-99ddd97cd66d,True,True
97d86b0b-0f58-42aa-9eed-8d3f03cb0d52,False,False
98944f7a-ec81-4040-b6fb-618ba132085d,False,False
98a42be3-6988-4552-a65b-b17196119ea5,False,False
98c93ab4-4db1-426e-8fb9-9eeb6da5bab5,False,False
993a097d-f871-4605-a018-8d0ae8ba3ec7,False,False
99fa0802-8bbf-498e-b8bb-6c285776ba93,False,False
9a739e72-e295-4d78-b19c-4126f372166d,False,False
9be31908-3dd5-45a6-ba86-0bb33c9a1247,True,True
9e079717-b504-419f-a436-fa19aaa759c8,True,True
9e145689-4a63-451d-a04f-a59f23a54509,False,False
9ff12371-b26f-4173-b4c9-3481c138c71d,False,False
a1d2fec8-1014-4b18-bb23-c7b9bf0226e5,False,False
a2a7cdf6-4b53-4b9a-b4a9-c272c852f00a,True,True
a2a98a90-f4bb-4a8c-aa65-348ffa4c8f63,False,False
a2f2b032-1701-4e3d-9c16-29312f5c07a0,False,False
a39e53ae-7616-4a17-9414-1bd4acbc7d96,False,False
a3ce0f33-c761-411d-b548-f889e3b9c30e,False,False
a5b4ad15-1757-4ea9-bdfe-8304b616c555,True,True
a7e3eafd-a253-484d-9048-488c4916ae9c,False,False
a7f34d57-5e9a-487a-aa59-a1b1f966fc90,False,False
a8338743-57d1-455a-b44b-69e9eb067a90,False,False
a9bb3b7c-d4fb-4417-984a-9d5177b94720,False,False
a9d85ecb-efb0-48a0-a9a3-d07215e256f0,False,False
aa630a6b-699a-4750-8710-02107f8762ce,True,True
aaad5cfd-46f8-4e33-b589-7c70c8f78958,False,False
abdf0e47-7ea3-41d7-b435-5dd8b3c69047,False,False
aeba83ad-0066-4383-bd86-2a0cbeb7f27e,False,False
aef86c55-4c6d-42ae-ae86-23fc180e05d5,False,False
af34403c-d5f9-43e5-814a-128ea42acb1b,False,False
b0662d4c-16cf-478d-b526-98fd06cdff96,True,True
b18f2aaf-d6f1-45cf-8607-a50f0ec71782,False,False
b27085d6-bf74-4ea6-9348-5e1132c1972a,False,False
b293f3d7-ae14-4e09-97fd-71568f827539,False,False
b347d2bf-902d-4c22-beb3-68ce096f90b5,False,False
b376ce39-7f41-43bd-adc3-8d5c8b57f2f0,True,True
b3d04670-d79e-4550-a0f0-5c08d8a8e844,False,False
b4db4c47-6d92-4d70-ab44-955eac668ff0,False,False
b5138add-f1cf-44c5-9a05-d61359a3011c,False,False
b5e2384b-0488-4740-9013-7f50f5065602,False,False
b60a83e9-26f9-451a-b88f-43a7046fd670,False,False
b6837227-f70a-493e-ae06-35a15291805c,False,False
b73ca9c7-c28d-47da-b4db-10feb59a634d,True,True
b794ae0a-b406-42b7-b68d-db9371533c18,False,False
b79f3c8d-917f-4824-a7f7-9a2b8a30245b,False,False
b890fd5f-d0b5-4b94-b50e-107303af62b2,False,False
b96591b3-0a21-4fe4-ab96-904eb193e1a1,False,False
ba7e45ce-c0e8-43b4-b299-f1e5239c16c1,False,False
bb7fbaff-f870-41e5-80cd-07817e09eb62,False,False
bc31de9c-66e0-4c0f-8e4e-21bfdb6e8a0a,False,False
bc95b483-dc36-4842-ac4f-58983431211a,True,True
beea385c-1f17-4fc9-b013-d908ba74f654,False,False
bf7d5352-e877-4a07-a743-c2785404897b,False,False
c0b5c042-ea6d-49dd-bbcb-8c76cdf9b9a1,True,True
c0f9166f-2e4f-4a2c-b790-c73ffcc50e4b,False,False
c1d1056f-dcd9-45d6-862c-319759f940d2,False,False
c2322501-d813-45ba-b770-db33a35f4847,False,False
c3962a1d-92f1-46bc-aa14-9a72d18b6f7a,False,False
c869790a-1a9e-4d40-b01d-5801de2455ab,False,False
c93b18a9-cd95-47fe-a06d-244c95e17114,False,False
c95848bd-68a4-4a36-9583-e4eb041fd2b9,True,True
ca367e87-de96-4cb7-a097-6be2a041feb1,False,False
cb0ca47d-abc5-4e93-b8bf-52993b7d9218,False,False
cbb69e57-7dd5-46d8-9be6-7ef5e3afa9d1,False,False
cd2de6ec-0e37-429f-9b6c-5be327de8bd5,False,False
ce224628-150f-4734-80c0-b2bd98e5d50d,False,False
cee9783c-8750-40db-985e-d4f70a7cff28,True,True
cfa4350b-e6e6-4bbd-ae0e-cd00314d90c3,True,True
d0e66df1-2447-4742-9988-708c4e3bb8ab,False,False
d156b420-90cb-4b43-8dc2-657d6d1cb0ac,False,False
d1c43178-f3fe-40d9-a1f3-f9b0ccf506b0,False,False
d3198f84-e8a7-4f2f-9b88-7321d7ba2f1d,False,False
d38cc733-3035-4957-b5bc-a8b724c4757c,False,False
d3b7e531-108d-43c8-b846-e85a32301358,False,False
d5c7796b-2cfe-42eb-af2c-534c89e913da,True,True
d5e9afe4-9078-4c59-b804-b01a777ea0cc,False,False
d5ec4923-de6a-4951-869c-a3edcfe30773,False,False
d6f523d0-a3d3-4fa5-be95-80afb6eae351,False,False
d71c0c14-2298-4e12-b662-3a78f6d0c77f,False,False
d77db51d-9e17-4e0c-bec6-0ab79701545b,False,False
d916a063-3ee0-47f1-be78-318d2ea05733,False,False
d93cf761-fca1-4a1d-9691-60b1af04bbe0,False,False
d9ccb419-a928-4fb8-b27e-364e40e0bcd4,False,False
da1cfe22-fbb2-4b92-816e-eb8c44833e09,False,False
da57991e-51a7-4f49-8517-b96366a18958,False,False
db4237d0-b161-4163-8ea8-6c0e09336a7d,False,False
db82db2e-f4f3-474e-a608-b26fd1c2a267,False,False
dca4fd63-4dd2-4b0d-885b-b7b5063899d4,False,False
de71d500-bd1a-47ae-a93a-6193b4e6420a,False,False
e16bfaef-2509-4bcf-83c0-56a00648cc55,True,True
e26b953d-4bbe-4dd1-ad04-93b17c795f09,True,True
e2c0d1b9-3e76-436a-919e-29d0ad6f3cf0,False,False
e33be5c5-12ea-47e1-a95a-cf0ac8f6ae4d,True,True
e372808c-e6e9-44c3-b54e-bb64285ff264,False,False
e58516d5-02c9-44a8-a46b-1fa239c4771a,False,False
e5b806c7-b0f5-4101-892a-d9534a25509a,False,False
e6aa0f18-53aa-4634-9e50-278ec1c37d2b,False,False
e6df07aa-bf91-44f5-8791-37d3cf4321cc,False,False
e8285e79-3393-429e-914e-7694a4fd3839,False,False
e8674074-5b5d-40c1-9393-343b128a9e22,False,False
ea7ac8ab-a7b2-4eab-825e-f85449eedf0c,False,False
ea8e7058-1065-4158-9440-307c3f5f59aa,False,False
ebbe986c-3887-40a5-a1be-eb82ec317b32,False,False
ec5294be-01e7-4b56-a8da-87f9b015aee2,False,False
ec97a4dd-42cb-4d0e-a8e8-bc8ffd43cc6b,False,False
ed133ef1-28de-4c9d-b539-98d02e14161e,False,False
ed8763d8-02a9-4ca4-953e-f5195160ade2,False,False
ee8b1200-b740-4a72-82e7-9de20100944a,True,True
ef20580f-461a-41cb-af4d-9c232907e409,False,False
efb94eec-e9fd-48d4-b826-7f9c1626ab63,False,False
efbd0a39-571c-47bc-af90-373748a147e5,False,False
f0cac3a1-3da1-48b7-a3ba-e3b6a08ac456,False,False
f0ea83d6-2cad-4f9e-ad41-640800b19489,False,False
f150931f-7682-4cc7-8b31-1982a5cee737,True,True
f17d5ea9-1209-4f12-937e-194f436aacd7,False,False
f1cf4cd7-cb5e-4b04-859f-6aed775a1ea9,True,True
f2197212-f723-4a29-af18-a9614c0ac7f8,True,True
f2820d9f-2743-43aa-aca6-b488f71b7929,False,False
f2852a59-4dbd-4568-bccb-26706fe4e82c,False,False
f3325543-4d99-47dc-bd2a-5a159f0725fa,True,True
f530bf1f-54b0-4859-a0cf-42f5eda0f96d,False,False
f5a7bf26-0527-4fb8-a48b-8d715ee2c967,True,True
f66dc075-7940-4ab1-aefe-eaca788c77c3,False,False
f68a1cc4-784f-4fb9-94bd-4d5136c2b124,True,True
f6b11ea4-116f-41d7-8e13-2f902bc3f0fe,False,False
f6d7c2bd-fe48-4e87-bf30-36055c8fc8c2,True,True
f6f783e1-40a1-4a58-b6cd-119aade2974e,False,False
f6fc5e7a-ac5a-4164-9319-67600151e7f5,False,False
f7ec1e83-ae59-40a7-86c2-9096092a3b67,True,True
f7eef268-7f3c-4766-a715-b82147e32e4c,False,False
f80a50e5-d598-4935-b58b-20dffb80a16d,False,False
f891e2e0-5e96-4061-a160-2ec0b21b760b,False,False
f96a54e6-ffa2-40e6-b2c9-84ec6a532037,True,True
f9800471-c879-44ed-9167-b9cee4f83dc2,False,False
fa719447-38f2-4123-9a08-127a97517dc8,True,True
fa7c00b1-1d39-455a-bae7-434c2b6554df,False,False
fb2d5f89-35dc-4add-ae6c-da6bc4e8bce9,False,False
fc4ae90f-e13e-4c1b-8b1a-9f896c8c1be8,False,False
fc8b247c-3794-45f9-b426-5856c290c1f1,False,False
feaae548-130b-4bde-9c15-090f941156ac,True,True
ffa09e57-d00e-48aa-976c-2184413be3a8,False,False
